REGION,TECHNOLOGY,VALUE
RE1,SO_IMPBET,0.05
RE1,CA_IMPBET,0.05
RE1,NE_DEMRESBGSCKN_MID_RUR,0.05
RE1,AN_DEMRESBGSCKN_MID_RUR,0.05
RE1,SO_DEMRESBGSCKN_MID_RUR,0.05
RE1,OR_DEMRESBGSCKN_MID_RUR,0.05
RE1,CA_DEMRESBGSCKN_MID_RUR,0.05
RE1,NE_DEMINDELCREF_HIG,0.05
RE1,AN_DEMINDELCREF_HIG,0.05
RE1,SO_DEMINDELCREF_HIG,0.05
RE1,OR_DEMINDELCREF_HIG,0.05
RE1,CA_DEMINDELCREF_HIG,0.05
RE1,NE_DEMINDELCREF_LOW,0.05
RE1,AN_DEMINDELCREF_LOW,0.05
RE1,SO_DEMINDELCREF_LOW,0.05
RE1,OR_DEMINDELCREF_LOW,0.05
RE1,CA_DEMINDELCREF_LOW,0.05
RE1,NE_DEMINDELCREF_MID,0.05
RE1,AN_DEMINDELCREF_MID,0.05
RE1,SO_DEMINDELCREF_MID,0.05
RE1,OR_DEMINDELCREF_MID,0.05
RE1,CA_DEMINDELCREF_MID,0.05
RE1,NE_DEMINDELCOTH_HIG,0.05
RE1,AN_DEMINDELCOTH_HIG,0.05
RE1,SO_DEMINDELCOTH_HIG,0.05
RE1,OR_DEMINDELCOTH_HIG,0.05
RE1,CA_DEMINDELCOTH_HIG,0.05
RE1,NE_DEMINDELCOTH_LOW,0.05
RE1,AN_DEMINDELCOTH_LOW,0.05
RE1,SO_DEMINDELCOTH_LOW,0.05
RE1,OR_DEMINDELCOTH_LOW,0.05
RE1,CA_DEMINDELCOTH_LOW,0.05
RE1,NE_DEMINDELCOTH_MID,0.05
RE1,AN_DEMINDELCOTH_MID,0.05
RE1,SO_DEMINDELCOTH_MID,0.05
RE1,OR_DEMINDELCOTH_MID,0.05
RE1,CA_DEMINDELCOTH_MID,0.05
RE1,NE_DEMINDCOAOTH_LOW,0.05
RE1,AN_DEMINDCOAOTH_LOW,0.05
RE1,SO_DEMINDCOAOTH_LOW,0.05
RE1,OR_DEMINDCOAOTH_LOW,0.05
RE1,CA_DEMINDCOAOTH_LOW,0.05
RE1,NE_DEMINDELCMPW_HIG,0.05
RE1,AN_DEMINDELCMPW_HIG,0.05
RE1,SO_DEMINDELCMPW_HIG,0.05
RE1,OR_DEMINDELCMPW_HIG,0.05
RE1,CA_DEMINDELCMPW_HIG,0.05
RE1,NE_DEMINDELCMPW_LOW,0.05
RE1,AN_DEMINDELCMPW_LOW,0.05
RE1,SO_DEMINDELCMPW_LOW,0.05
RE1,OR_DEMINDELCMPW_LOW,0.05
RE1,CA_DEMINDELCMPW_LOW,0.05
RE1,NE_DEMINDELCMPW_MID,0.05
RE1,AN_DEMINDELCMPW_MID,0.05
RE1,SO_DEMINDELCMPW_MID,0.05
RE1,OR_DEMINDELCMPW_MID,0.05
RE1,CA_DEMINDELCMPW_MID,0.05
RE1,NE_DEMINDELCILU_HIG,0.05
RE1,AN_DEMINDELCILU_HIG,0.05
RE1,SO_DEMINDELCILU_HIG,0.05
RE1,OR_DEMINDELCILU_HIG,0.05
RE1,CA_DEMINDELCILU_HIG,0.05
RE1,NE_DEMINDELCILU_LOW,0.05
RE1,AN_DEMINDELCILU_LOW,0.05
RE1,SO_DEMINDELCILU_LOW,0.05
RE1,OR_DEMINDELCILU_LOW,0.05
RE1,CA_DEMINDELCILU_LOW,0.05
RE1,NE_DEMINDELCILU_MID,0.05
RE1,AN_DEMINDELCILU_MID,0.05
RE1,SO_DEMINDELCILU_MID,0.05
RE1,OR_DEMINDELCILU_MID,0.05
RE1,CA_DEMINDELCILU_MID,0.05
RE1,NE_DEMINDLPGBOI_HIG,0.05
RE1,AN_DEMINDLPGBOI_HIG,0.05
RE1,SO_DEMINDLPGBOI_HIG,0.05
RE1,OR_DEMINDLPGBOI_HIG,0.05
RE1,CA_DEMINDLPGBOI_HIG,0.05
RE1,NE_DEMINDLPGBOI_LOW,0.05
RE1,AN_DEMINDLPGBOI_LOW,0.05
RE1,SO_DEMINDLPGBOI_LOW,0.05
RE1,OR_DEMINDLPGBOI_LOW,0.05
RE1,CA_DEMINDLPGBOI_LOW,0.05
RE1,NE_DEMINDLPGBOI_MID,0.05
RE1,AN_DEMINDLPGBOI_MID,0.05
RE1,SO_DEMINDLPGBOI_MID,0.05
RE1,OR_DEMINDLPGBOI_MID,0.05
RE1,CA_DEMINDLPGBOI_MID,0.05
RE1,NE_DEMINDNGSBOI_HIG,0.05
RE1,AN_DEMINDNGSBOI_HIG,0.05
RE1,SO_DEMINDNGSBOI_HIG,0.05
RE1,OR_DEMINDNGSBOI_HIG,0.05
RE1,CA_DEMINDNGSBOI_HIG,0.05
RE1,NE_DEMINDNGSBOI_MID,0.05
RE1,AN_DEMINDNGSBOI_MID,0.05
RE1,SO_DEMINDNGSBOI_MID,0.05
RE1,OR_DEMINDNGSBOI_MID,0.05
RE1,CA_DEMINDNGSBOI_MID,0.05
RE1,NE_DEMINDNGSBOI_LOW,0.05
RE1,AN_DEMINDNGSBOI_LOW,0.05
RE1,SO_DEMINDNGSBOI_LOW,0.05
RE1,OR_DEMINDNGSBOI_LOW,0.05
RE1,CA_DEMINDNGSBOI_LOW,0.05
RE1,NE_DEMINDDSLBOI_HIG,0.05
RE1,AN_DEMINDDSLBOI_HIG,0.05
RE1,SO_DEMINDDSLBOI_HIG,0.05
RE1,OR_DEMINDDSLBOI_HIG,0.05
RE1,CA_DEMINDDSLBOI_HIG,0.05
RE1,NE_DEMINDDSLBOI_LOW,0.05
RE1,AN_DEMINDDSLBOI_LOW,0.05
RE1,SO_DEMINDDSLBOI_LOW,0.05
RE1,OR_DEMINDDSLBOI_LOW,0.05
RE1,CA_DEMINDDSLBOI_LOW,0.05
RE1,NE_DEMINDDSLBOI_MID,0.05
RE1,AN_DEMINDDSLBOI_MID,0.05
RE1,SO_DEMINDDSLBOI_MID,0.05
RE1,OR_DEMINDDSLBOI_MID,0.05
RE1,CA_DEMINDDSLBOI_MID,0.05
RE1,NE_DEMINDCOABOI_HIG,0.05
RE1,AN_DEMINDCOABOI_HIG,0.05
RE1,SO_DEMINDCOABOI_HIG,0.05
RE1,OR_DEMINDCOABOI_HIG,0.05
RE1,CA_DEMINDCOABOI_HIG,0.05
RE1,NE_DEMINDCOABOI_LOW,0.05
RE1,AN_DEMINDCOABOI_LOW,0.05
RE1,SO_DEMINDCOABOI_LOW,0.05
RE1,OR_DEMINDCOABOI_LOW,0.05
RE1,CA_DEMINDCOABOI_LOW,0.05
RE1,NE_DEMINDCOABOI_MID,0.05
RE1,AN_DEMINDCOABOI_MID,0.05
RE1,SO_DEMINDCOABOI_MID,0.05
RE1,OR_DEMINDCOABOI_MID,0.05
RE1,CA_DEMINDCOABOI_MID,0.05
RE1,NE_DEMINDELCBOI_HIG,0.05
RE1,AN_DEMINDELCBOI_HIG,0.05
RE1,SO_DEMINDELCBOI_HIG,0.05
RE1,OR_DEMINDELCBOI_HIG,0.05
RE1,CA_DEMINDELCBOI_HIG,0.05
RE1,NE_DEMINDELCBOI_LOW,0.05
RE1,AN_DEMINDELCBOI_LOW,0.05
RE1,SO_DEMINDELCBOI_LOW,0.05
RE1,OR_DEMINDELCBOI_LOW,0.05
RE1,CA_DEMINDELCBOI_LOW,0.05
RE1,NE_DEMINDELCBOI_MID,0.05
RE1,AN_DEMINDELCBOI_MID,0.05
RE1,SO_DEMINDELCBOI_MID,0.05
RE1,OR_DEMINDELCBOI_MID,0.05
RE1,CA_DEMINDELCBOI_MID,0.05
RE1,NE_DEMINDHDGBOI_HIG,0.05
RE1,AN_DEMINDHDGBOI_HIG,0.05
RE1,SO_DEMINDHDGBOI_HIG,0.05
RE1,OR_DEMINDHDGBOI_HIG,0.05
RE1,CA_DEMINDHDGBOI_HIG,0.05
RE1,NE_DEMINDHDGBOI_LOW,0.05
RE1,AN_DEMINDHDGBOI_LOW,0.05
RE1,SO_DEMINDHDGBOI_LOW,0.05
RE1,OR_DEMINDHDGBOI_LOW,0.05
RE1,CA_DEMINDHDGBOI_LOW,0.05
RE1,NE_DEMINDAUTBOI,0.05
RE1,AN_DEMINDAUTBOI,0.05
RE1,SO_DEMINDAUTBOI,0.05
RE1,OR_DEMINDAUTBOI,0.05
RE1,CA_DEMINDAUTBOI,0.05
RE1,SO_DEMINDBAGBOI_HIG,0.05
RE1,OR_DEMINDBAGBOI_HIG,0.05
RE1,SO_DEMINDBAGBOI_LOW,0.05
RE1,OR_DEMINDBAGBOI_LOW,0.05
RE1,SO_DEMINDBAGBOI_MID,0.05
RE1,OR_DEMINDBAGBOI_MID,0.05
RE1,NE_DEMINDBGSBOI_HIG,0.05
RE1,AN_DEMINDBGSBOI_HIG,0.05
RE1,SO_DEMINDBGSBOI_HIG,0.05
RE1,OR_DEMINDBGSBOI_HIG,0.05
RE1,CA_DEMINDBGSBOI_HIG,0.05
RE1,NE_DEMINDBGSBOI_LOW,0.05
RE1,AN_DEMINDBGSBOI_LOW,0.05
RE1,SO_DEMINDBGSBOI_LOW,0.05
RE1,OR_DEMINDBGSBOI_LOW,0.05
RE1,CA_DEMINDBGSBOI_LOW,0.05
RE1,NE_DEMINDBGSBOI_MID,0.05
RE1,AN_DEMINDBGSBOI_MID,0.05
RE1,SO_DEMINDBGSBOI_MID,0.05
RE1,OR_DEMINDBGSBOI_MID,0.05
RE1,CA_DEMINDBGSBOI_MID,0.05
RE1,NE_DEMINDDSLFUR_HIG,0.05
RE1,AN_DEMINDDSLFUR_HIG,0.05
RE1,SO_DEMINDDSLFUR_HIG,0.05
RE1,OR_DEMINDDSLFUR_HIG,0.05
RE1,CA_DEMINDDSLFUR_HIG,0.05
RE1,NE_DEMINDDSLFUR_LOW,0.05
RE1,AN_DEMINDDSLFUR_LOW,0.05
RE1,SO_DEMINDDSLFUR_LOW,0.05
RE1,OR_DEMINDDSLFUR_LOW,0.05
RE1,CA_DEMINDDSLFUR_LOW,0.05
RE1,NE_DEMINDDSLFUR_MID,0.05
RE1,AN_DEMINDDSLFUR_MID,0.05
RE1,SO_DEMINDDSLFUR_MID,0.05
RE1,OR_DEMINDDSLFUR_MID,0.05
RE1,CA_DEMINDDSLFUR_MID,0.05
RE1,NE_DEMINDLPGFUR_HIG,0.05
RE1,AN_DEMINDLPGFUR_HIG,0.05
RE1,SO_DEMINDLPGFUR_HIG,0.05
RE1,OR_DEMINDLPGFUR_HIG,0.05
RE1,CA_DEMINDLPGFUR_HIG,0.05
RE1,NE_DEMINDLPGFUR_LOW,0.05
RE1,AN_DEMINDLPGFUR_LOW,0.05
RE1,SO_DEMINDLPGFUR_LOW,0.05
RE1,OR_DEMINDLPGFUR_LOW,0.05
RE1,CA_DEMINDLPGFUR_LOW,0.05
RE1,NE_DEMINDLPGFUR_MID,0.05
RE1,AN_DEMINDLPGFUR_MID,0.05
RE1,SO_DEMINDLPGFUR_MID,0.05
RE1,OR_DEMINDLPGFUR_MID,0.05
RE1,CA_DEMINDLPGFUR_MID,0.05
RE1,NE_DEMINDNGSFUR_HIG,0.05
RE1,AN_DEMINDNGSFUR_HIG,0.05
RE1,SO_DEMINDNGSFUR_HIG,0.05
RE1,OR_DEMINDNGSFUR_HIG,0.05
RE1,CA_DEMINDNGSFUR_HIG,0.05
RE1,NE_DEMINDNGSFUR_LOW,0.05
RE1,AN_DEMINDNGSFUR_LOW,0.05
RE1,SO_DEMINDNGSFUR_LOW,0.05
RE1,OR_DEMINDNGSFUR_LOW,0.05
RE1,CA_DEMINDNGSFUR_LOW,0.05
RE1,NE_DEMINDNGSFUR_MID,0.05
RE1,AN_DEMINDNGSFUR_MID,0.05
RE1,SO_DEMINDNGSFUR_MID,0.05
RE1,OR_DEMINDNGSFUR_MID,0.05
RE1,CA_DEMINDNGSFUR_MID,0.05
RE1,NE_DEMINDNGSFURCSS,0.05
RE1,AN_DEMINDNGSFURCSS,0.05
RE1,SO_DEMINDNGSFURCSS,0.05
RE1,OR_DEMINDNGSFURCSS,0.05
RE1,CA_DEMINDNGSFURCSS,0.05
RE1,NE_DEMINDELCFUR_HIG,0.05
RE1,AN_DEMINDELCFUR_HIG,0.05
RE1,SO_DEMINDELCFUR_HIG,0.05
RE1,OR_DEMINDELCFUR_HIG,0.05
RE1,CA_DEMINDELCFUR_HIG,0.05
RE1,NE_DEMINDELCFUR_LOW,0.05
RE1,AN_DEMINDELCFUR_LOW,0.05
RE1,SO_DEMINDELCFUR_LOW,0.05
RE1,OR_DEMINDELCFUR_LOW,0.05
RE1,CA_DEMINDELCFUR_LOW,0.05
RE1,NE_DEMINDELCFUR_MID,0.05
RE1,AN_DEMINDELCFUR_MID,0.05
RE1,SO_DEMINDELCFUR_MID,0.05
RE1,OR_DEMINDELCFUR_MID,0.05
RE1,CA_DEMINDELCFUR_MID,0.05
RE1,NE_DEMINDCOAFUR_HIG,0.05
RE1,AN_DEMINDCOAFUR_HIG,0.05
RE1,SO_DEMINDCOAFUR_HIG,0.05
RE1,OR_DEMINDCOAFUR_HIG,0.05
RE1,CA_DEMINDCOAFUR_HIG,0.05
RE1,NE_DEMINDCOAFUR_LOW,0.05
RE1,AN_DEMINDCOAFUR_LOW,0.05
RE1,SO_DEMINDCOAFUR_LOW,0.05
RE1,OR_DEMINDCOAFUR_LOW,0.05
RE1,CA_DEMINDCOAFUR_LOW,0.05
RE1,NE_DEMINDCOAFUR_MID,0.05
RE1,AN_DEMINDCOAFUR_MID,0.05
RE1,SO_DEMINDCOAFUR_MID,0.05
RE1,OR_DEMINDCOAFUR_MID,0.05
RE1,CA_DEMINDCOAFUR_MID,0.05
RE1,NE_DEMINDAUTFUR,0.05
RE1,AN_DEMINDAUTFUR,0.05
RE1,SO_DEMINDAUTFUR,0.05
RE1,OR_DEMINDAUTFUR,0.05
RE1,CA_DEMINDAUTFUR,0.05
RE1,SO_DEMINDBAGFUR_HIG,0.05
RE1,OR_DEMINDBAGFUR_HIG,0.05
RE1,SO_DEMINDBAGFUR_LOW,0.05
RE1,OR_DEMINDBAGFUR_LOW,0.05
RE1,SO_DEMINDBAGFUR_MID,0.05
RE1,OR_DEMINDBAGFUR_MID,0.05
RE1,SO_DEMINDBAGFURCCS,0.05
RE1,OR_DEMINDBAGFURCCS,0.05
RE1,NE_DEMINDBGSFUR_HIG,0.05
RE1,AN_DEMINDBGSFUR_HIG,0.05
RE1,SO_DEMINDBGSFUR_HIG,0.05
RE1,OR_DEMINDBGSFUR_HIG,0.05
RE1,CA_DEMINDBGSFUR_HIG,0.05
RE1,NE_DEMINDBGSFUR_LOW,0.05
RE1,AN_DEMINDBGSFUR_LOW,0.05
RE1,SO_DEMINDBGSFUR_LOW,0.05
RE1,OR_DEMINDBGSFUR_LOW,0.05
RE1,CA_DEMINDBGSFUR_LOW,0.05
RE1,NE_DEMINDBGSFUR_MID,0.05
RE1,AN_DEMINDBGSFUR_MID,0.05
RE1,SO_DEMINDBGSFUR_MID,0.05
RE1,OR_DEMINDBGSFUR_MID,0.05
RE1,CA_DEMINDBGSFUR_MID,0.05
RE1,SO_MINBAG,0.05
RE1,OR_MINBAG,0.05
RE1,NE_DEMINDELCAIR_HIG,0.05
RE1,AN_DEMINDELCAIR_HIG,0.05
RE1,SO_DEMINDELCAIR_HIG,0.05
RE1,OR_DEMINDELCAIR_HIG,0.05
RE1,CA_DEMINDELCAIR_HIG,0.05
RE1,NE_DEMINDELCAIR_LOW,0.05
RE1,AN_DEMINDELCAIR_LOW,0.05
RE1,SO_DEMINDELCAIR_LOW,0.05
RE1,OR_DEMINDELCAIR_LOW,0.05
RE1,CA_DEMINDELCAIR_LOW,0.05
RE1,NE_DEMINDELCAIR_MID,0.05
RE1,AN_DEMINDELCAIR_MID,0.05
RE1,SO_DEMINDELCAIR_MID,0.05
RE1,OR_DEMINDELCAIR_MID,0.05
RE1,CA_DEMINDELCAIR_MID,0.05
RE1,NE_DEMTRADSLBOT,0.05
RE1,AN_DEMTRADSLBOT,0.05
RE1,SO_DEMTRADSLBOT,0.05
RE1,OR_DEMTRADSLBOT,0.05
RE1,CA_DEMTRADSLBOT,0.05
RE1,NE_DEMTRAELCBOT,0.05
RE1,AN_DEMTRAELCBOT,0.05
RE1,SO_DEMTRAELCBOT,0.05
RE1,OR_DEMTRAELCBOT,0.05
RE1,CA_DEMTRAELCBOT,0.05
RE1,NE_DEMTRAGSLBOT,0.05
RE1,AN_DEMTRAGSLBOT,0.05
RE1,SO_DEMTRAGSLBOT,0.05
RE1,OR_DEMTRAGSLBOT,0.05
RE1,CA_DEMTRAGSLBOT,0.05
RE1,AN_DEMTRAFOLSHP,0.05
RE1,SO_DEMTRAFOLSHP,0.05
RE1,CA_DEMTRAFOLSHP,0.05
RE1,AN_DEMTRADSLSHP,0.05
RE1,SO_DEMTRADSLSHP,0.05
RE1,CA_DEMTRADSLSHP,0.05
RE1,NE_DEMTRAJETAVI,0.05
RE1,AN_DEMTRAJETAVI,0.05
RE1,SO_DEMTRAJETAVI,0.05
RE1,OR_DEMTRAJETAVI,0.05
RE1,CA_DEMTRAJETAVI,0.05
RE1,NE_DEMTRAJETSAFAVI,0.05
RE1,AN_DEMTRAJETSAFAVI,0.05
RE1,SO_DEMTRAJETSAFAVI,0.05
RE1,OR_DEMTRAJETSAFAVI,0.05
RE1,CA_DEMTRAJETSAFAVI,0.05
RE1,NE_UPSBJS,0.05
RE1,AN_UPSBJS,0.05
RE1,SO_UPSBJS,0.05
RE1,OR_UPSBJS,0.05
RE1,CA_UPSBJS,0.05
RE1,NE_UPSSAF,0.05
RE1,AN_UPSSAF,0.05
RE1,OR_UPSSAF,0.05
RE1,CA_UPSSAF,0.05
RE1,NE_DEMTRADSLTCK_C2P,0.05
RE1,AN_DEMTRADSLTCK_C2P,0.05
RE1,SO_DEMTRADSLTCK_C2P,0.05
RE1,OR_DEMTRADSLTCK_C2P,0.05
RE1,CA_DEMTRADSLTCK_C2P,0.05
RE1,NE_DEMTRADSLTCK_CSG,0.05
RE1,AN_DEMTRADSLTCK_CSG,0.05
RE1,SO_DEMTRADSLTCK_CSG,0.05
RE1,OR_DEMTRADSLTCK_CSG,0.05
RE1,CA_DEMTRADSLTCK_CSG,0.05
RE1,NE_DEMTRAELCTCK_C2P,0.05
RE1,AN_DEMTRAELCTCK_C2P,0.05
RE1,SO_DEMTRAELCTCK_C2P,0.05
RE1,OR_DEMTRAELCTCK_C2P,0.05
RE1,CA_DEMTRAELCTCK_C2P,0.05
RE1,NE_DEMTRAELCTCK_CSG,0.05
RE1,AN_DEMTRAELCTCK_CSG,0.05
RE1,SO_DEMTRAELCTCK_CSG,0.05
RE1,OR_DEMTRAELCTCK_CSG,0.05
RE1,CA_DEMTRAELCTCK_CSG,0.05
RE1,NE_DEMTRAGSLTCK_C2P,0.05
RE1,AN_DEMTRAGSLTCK_C2P,0.05
RE1,SO_DEMTRAGSLTCK_C2P,0.05
RE1,OR_DEMTRAGSLTCK_C2P,0.05
RE1,CA_DEMTRAGSLTCK_C2P,0.05
RE1,NE_DEMTRAHDGTCK_CSG,0.05
RE1,AN_DEMTRAHDGTCK_CSG,0.05
RE1,SO_DEMTRAHDGTCK_CSG,0.05
RE1,OR_DEMTRAHDGTCK_CSG,0.05
RE1,CA_DEMTRAHDGTCK_CSG,0.05
RE1,NE_DEMTRANGSTCK_C2P,0.05
RE1,AN_DEMTRANGSTCK_C2P,0.05
RE1,SO_DEMTRANGSTCK_C2P,0.05
RE1,OR_DEMTRANGSTCK_C2P,0.05
RE1,CA_DEMTRANGSTCK_C2P,0.05
RE1,NE_DEMTRANGSTCK_CSG,0.05
RE1,AN_DEMTRANGSTCK_CSG,0.05
RE1,SO_DEMTRANGSTCK_CSG,0.05
RE1,OR_DEMTRANGSTCK_CSG,0.05
RE1,CA_DEMTRANGSTCK_CSG,0.05
RE1,NE_DEMTRADSLTAX,0.05
RE1,AN_DEMTRADSLTAX,0.05
RE1,SO_DEMTRADSLTAX,0.05
RE1,OR_DEMTRADSLTAX,0.05
RE1,CA_DEMTRADSLTAX,0.05
RE1,NE_DEMTRAELCTAX,0.05
RE1,AN_DEMTRAELCTAX,0.05
RE1,SO_DEMTRAELCTAX,0.05
RE1,OR_DEMTRAELCTAX,0.05
RE1,CA_DEMTRAELCTAX,0.05
RE1,NE_DEMTRAGSLTAX,0.05
RE1,AN_DEMTRAGSLTAX,0.05
RE1,SO_DEMTRAGSLTAX,0.05
RE1,OR_DEMTRAGSLTAX,0.05
RE1,CA_DEMTRAGSLTAX,0.05
RE1,NE_DEMTRAHDGTAX,0.05
RE1,AN_DEMTRAHDGTAX,0.05
RE1,SO_DEMTRAHDGTAX,0.05
RE1,OR_DEMTRAHDGTAX,0.05
RE1,CA_DEMTRAHDGTAX,0.05
RE1,NE_DEMTRANGSTAX,0.05
RE1,AN_DEMTRANGSTAX,0.05
RE1,SO_DEMTRANGSTAX,0.05
RE1,OR_DEMTRANGSTAX,0.05
RE1,CA_DEMTRANGSTAX,0.05
RE1,NE_DEMTRAPHEVTAX,0.05
RE1,AN_DEMTRAPHEVTAX,0.05
RE1,SO_DEMTRAPHEVTAX,0.05
RE1,OR_DEMTRAPHEVTAX,0.05
RE1,CA_DEMTRAPHEVTAX,0.05
RE1,NE_DEMTRADSLSTT,0.05
RE1,AN_DEMTRADSLSTT,0.05
RE1,SO_DEMTRADSLSTT,0.05
RE1,OR_DEMTRADSLSTT,0.05
RE1,CA_DEMTRADSLSTT,0.05
RE1,NE_DEMTRAELCSTT,0.05
RE1,AN_DEMTRAELCSTT,0.05
RE1,SO_DEMTRAELCSTT,0.05
RE1,OR_DEMTRAELCSTT,0.05
RE1,CA_DEMTRAELCSTT,0.05
RE1,NE_DEMTRAGSLSTT,0.05
RE1,AN_DEMTRAGSLSTT,0.05
RE1,SO_DEMTRAGSLSTT,0.05
RE1,OR_DEMTRAGSLSTT,0.05
RE1,CA_DEMTRAGSLSTT,0.05
RE1,NE_DEMTRAHDGSTT,0.05
RE1,AN_DEMTRAHDGSTT,0.05
RE1,SO_DEMTRAHDGSTT,0.05
RE1,OR_DEMTRAHDGSTT,0.05
RE1,CA_DEMTRAHDGSTT,0.05
RE1,NE_DEMTRANGSSTT,0.05
RE1,AN_DEMTRANGSSTT,0.05
RE1,SO_DEMTRANGSSTT,0.05
RE1,OR_DEMTRANGSSTT,0.05
RE1,CA_DEMTRANGSSTT,0.05
RE1,NE_DEMTRAELCMOT,0.05
RE1,AN_DEMTRAELCMOT,0.05
RE1,SO_DEMTRAELCMOT,0.05
RE1,OR_DEMTRAELCMOT,0.05
RE1,CA_DEMTRAELCMOT,0.05
RE1,NE_DEMTRAGSLMOT,0.05
RE1,AN_DEMTRAGSLMOT,0.05
RE1,SO_DEMTRAGSLMOT,0.05
RE1,OR_DEMTRAGSLMOT,0.05
RE1,CA_DEMTRAGSLMOT,0.05
RE1,NE_DEMTRADSLMIC,0.05
RE1,AN_DEMTRADSLMIC,0.05
RE1,SO_DEMTRADSLMIC,0.05
RE1,OR_DEMTRADSLMIC,0.05
RE1,CA_DEMTRADSLMIC,0.05
RE1,NE_DEMTRAELCMIC,0.05
RE1,AN_DEMTRAELCMIC,0.05
RE1,SO_DEMTRAELCMIC,0.05
RE1,OR_DEMTRAELCMIC,0.05
RE1,CA_DEMTRAELCMIC,0.05
RE1,NE_DEMTRAGSLMIC,0.05
RE1,AN_DEMTRAGSLMIC,0.05
RE1,SO_DEMTRAGSLMIC,0.05
RE1,OR_DEMTRAGSLMIC,0.05
RE1,CA_DEMTRAGSLMIC,0.05
RE1,NE_DEMTRAHDGMIC,0.05
RE1,AN_DEMTRAHDGMIC,0.05
RE1,SO_DEMTRAHDGMIC,0.05
RE1,OR_DEMTRAHDGMIC,0.05
RE1,CA_DEMTRAHDGMIC,0.05
RE1,NE_DEMTRANGSMIC,0.05
RE1,AN_DEMTRANGSMIC,0.05
RE1,SO_DEMTRANGSMIC,0.05
RE1,OR_DEMTRANGSMIC,0.05
RE1,CA_DEMTRANGSMIC,0.05
RE1,AN_DEMTRAELCMET,0.05
RE1,SO_DEMTRAELCMET,0.05
RE1,OR_DEMTRAELCMET,0.05
RE1,NE_DEMTRADSLBUS_ART,0.05
RE1,AN_DEMTRADSLBUS_ART,0.05
RE1,SO_DEMTRADSLBUS_ART,0.05
RE1,OR_DEMTRADSLBUS_ART,0.05
RE1,CA_DEMTRADSLBUS_ART,0.05
RE1,NE_DEMTRADSLBUS_BIA,0.05
RE1,AN_DEMTRADSLBUS_BIA,0.05
RE1,SO_DEMTRADSLBUS_BIA,0.05
RE1,OR_DEMTRADSLBUS_BIA,0.05
RE1,CA_DEMTRADSLBUS_BIA,0.05
RE1,NE_DEMTRAELCBUS_ART,0.05
RE1,AN_DEMTRAELCBUS_ART,0.05
RE1,SO_DEMTRAELCBUS_ART,0.05
RE1,OR_DEMTRAELCBUS_ART,0.05
RE1,CA_DEMTRAELCBUS_ART,0.05
RE1,NE_DEMTRAELCBUS_BIA,0.05
RE1,AN_DEMTRAELCBUS_BIA,0.05
RE1,SO_DEMTRAELCBUS_BIA,0.05
RE1,OR_DEMTRAELCBUS_BIA,0.05
RE1,CA_DEMTRAELCBUS_BIA,0.05
RE1,NE_DEMTRANGSBUS_ART,0.05
RE1,AN_DEMTRANGSBUS_ART,0.05
RE1,SO_DEMTRANGSBUS_ART,0.05
RE1,OR_DEMTRANGSBUS_ART,0.05
RE1,CA_DEMTRANGSBUS_ART,0.05
RE1,NE_DEMTRANGSBUS_BIA,0.05
RE1,AN_DEMTRANGSBUS_BIA,0.05
RE1,SO_DEMTRANGSBUS_BIA,0.05
RE1,OR_DEMTRANGSBUS_BIA,0.05
RE1,CA_DEMTRANGSBUS_BIA,0.05
RE1,NE_DEMTRADSLBUS_IMU,0.05
RE1,AN_DEMTRADSLBUS_IMU,0.05
RE1,SO_DEMTRADSLBUS_IMU,0.05
RE1,OR_DEMTRADSLBUS_IMU,0.05
RE1,CA_DEMTRADSLBUS_IMU,0.05
RE1,NE_DEMTRADSLBUS_URB,0.05
RE1,AN_DEMTRADSLBUS_URB,0.05
RE1,SO_DEMTRADSLBUS_URB,0.05
RE1,OR_DEMTRADSLBUS_URB,0.05
RE1,CA_DEMTRADSLBUS_URB,0.05
RE1,NE_DEMTRAELCBUS_IMU,0.05
RE1,AN_DEMTRAELCBUS_IMU,0.05
RE1,SO_DEMTRAELCBUS_IMU,0.05
RE1,OR_DEMTRAELCBUS_IMU,0.05
RE1,CA_DEMTRAELCBUS_IMU,0.05
RE1,NE_DEMTRAELCBUS_URB,0.05
RE1,AN_DEMTRAELCBUS_URB,0.05
RE1,SO_DEMTRAELCBUS_URB,0.05
RE1,OR_DEMTRAELCBUS_URB,0.05
RE1,CA_DEMTRAELCBUS_URB,0.05
RE1,NE_DEMTRAGSLBUS_IMU,0.05
RE1,AN_DEMTRAGSLBUS_IMU,0.05
RE1,SO_DEMTRAGSLBUS_IMU,0.05
RE1,OR_DEMTRAGSLBUS_IMU,0.05
RE1,CA_DEMTRAGSLBUS_IMU,0.05
RE1,NE_DEMTRAGSLBUS_URB,0.05
RE1,AN_DEMTRAGSLBUS_URB,0.05
RE1,SO_DEMTRAGSLBUS_URB,0.05
RE1,OR_DEMTRAGSLBUS_URB,0.05
RE1,CA_DEMTRAGSLBUS_URB,0.05
RE1,NE_DEMTRAHDGBUS_IMU,0.05
RE1,AN_DEMTRAHDGBUS_IMU,0.05
RE1,SO_DEMTRAHDGBUS_IMU,0.05
RE1,OR_DEMTRAHDGBUS_IMU,0.05
RE1,CA_DEMTRAHDGBUS_IMU,0.05
RE1,NE_DEMTRAHDGBUS_URB,0.05
RE1,AN_DEMTRAHDGBUS_URB,0.05
RE1,SO_DEMTRAHDGBUS_URB,0.05
RE1,OR_DEMTRAHDGBUS_URB,0.05
RE1,CA_DEMTRAHDGBUS_URB,0.05
RE1,NE_DEMTRANGSBUS_IMU,0.05
RE1,AN_DEMTRANGSBUS_IMU,0.05
RE1,SO_DEMTRANGSBUS_IMU,0.05
RE1,OR_DEMTRANGSBUS_IMU,0.05
RE1,CA_DEMTRANGSBUS_IMU,0.05
RE1,NE_DEMTRANGSBUS_URB,0.05
RE1,AN_DEMTRANGSBUS_URB,0.05
RE1,SO_DEMTRANGSBUS_URB,0.05
RE1,OR_DEMTRANGSBUS_URB,0.05
RE1,CA_DEMTRANGSBUS_URB,0.05
RE1,NE_DEMTRADSLFWD,0.05
RE1,AN_DEMTRADSLFWD,0.05
RE1,SO_DEMTRADSLFWD,0.05
RE1,OR_DEMTRADSLFWD,0.05
RE1,CA_DEMTRADSLFWD,0.05
RE1,NE_DEMTRAELCFWD,0.05
RE1,AN_DEMTRAELCFWD,0.05
RE1,SO_DEMTRAELCFWD,0.05
RE1,OR_DEMTRAELCFWD,0.05
RE1,CA_DEMTRAELCFWD,0.05
RE1,NE_DEMTRAGSLFWD,0.05
RE1,AN_DEMTRAGSLFWD,0.05
RE1,SO_DEMTRAGSLFWD,0.05
RE1,OR_DEMTRAGSLFWD,0.05
RE1,CA_DEMTRAGSLFWD,0.05
RE1,NE_DEMTRAHDGFWD,0.05
RE1,AN_DEMTRAHDGFWD,0.05
RE1,SO_DEMTRAHDGFWD,0.05
RE1,OR_DEMTRAHDGFWD,0.05
RE1,CA_DEMTRAHDGFWD,0.05
RE1,NE_DEMTRAHEVFWD,0.05
RE1,AN_DEMTRAHEVFWD,0.05
RE1,SO_DEMTRAHEVFWD,0.05
RE1,OR_DEMTRAHEVFWD,0.05
RE1,CA_DEMTRAHEVFWD,0.05
RE1,NE_DEMTRANGSFWD,0.05
RE1,AN_DEMTRANGSFWD,0.05
RE1,SO_DEMTRANGSFWD,0.05
RE1,OR_DEMTRANGSFWD,0.05
RE1,CA_DEMTRANGSFWD,0.05
RE1,NE_DEMTRAPHEVFWD,0.05
RE1,AN_DEMTRAPHEVFWD,0.05
RE1,SO_DEMTRAPHEVFWD,0.05
RE1,OR_DEMTRAPHEVFWD,0.05
RE1,CA_DEMTRAPHEVFWD,0.05
RE1,NE_DEMTRADSLLDV,0.05
RE1,AN_DEMTRADSLLDV,0.05
RE1,SO_DEMTRADSLLDV,0.05
RE1,OR_DEMTRADSLLDV,0.05
RE1,CA_DEMTRADSLLDV,0.05
RE1,NE_DEMTRAELCLDV,0.05
RE1,AN_DEMTRAELCLDV,0.05
RE1,SO_DEMTRAELCLDV,0.05
RE1,OR_DEMTRAELCLDV,0.05
RE1,CA_DEMTRAELCLDV,0.05
RE1,NE_DEMTRAGSLLDV,0.05
RE1,AN_DEMTRAGSLLDV,0.05
RE1,SO_DEMTRAGSLLDV,0.05
RE1,OR_DEMTRAGSLLDV,0.05
RE1,CA_DEMTRAGSLLDV,0.05
RE1,NE_UPSHDGRST,0.05
RE1,AN_UPSHDGRST,0.05
RE1,SO_UPSHDGRST,0.05
RE1,OR_UPSHDGRST,0.05
RE1,CA_UPSHDGRST,0.05
RE1,NE_DEMTRAHDGLDV,0.05
RE1,AN_DEMTRAHDGLDV,0.05
RE1,SO_DEMTRAHDGLDV,0.05
RE1,OR_DEMTRAHDGLDV,0.05
RE1,CA_DEMTRAHDGLDV,0.05
RE1,NE_DEMTRAHEVLDV,0.05
RE1,AN_DEMTRAHEVLDV,0.05
RE1,SO_DEMTRAHEVLDV,0.05
RE1,OR_DEMTRAHEVLDV,0.05
RE1,CA_DEMTRAHEVLDV,0.05
RE1,NE_DEMTRANGSLDV,0.05
RE1,AN_DEMTRANGSLDV,0.05
RE1,SO_DEMTRANGSLDV,0.05
RE1,OR_DEMTRANGSLDV,0.05
RE1,CA_DEMTRANGSLDV,0.05
RE1,NE_DEMTRAPHEVLDV,0.05
RE1,AN_DEMTRAPHEVLDV,0.05
RE1,SO_DEMTRAPHEVLDV,0.05
RE1,OR_DEMTRAPHEVLDV,0.05
RE1,CA_DEMTRAPHEVLDV,0.05
RE1,NE_UPSEV_FC,0.05
RE1,AN_UPSEV_FC,0.05
RE1,SO_UPSEV_FC,0.05
RE1,OR_UPSEV_FC,0.05
RE1,CA_UPSEV_FC,0.05
RE1,NE_UPSEVC,0.05
RE1,AN_UPSEVC,0.05
RE1,SO_UPSEVC,0.05
RE1,OR_UPSEVC,0.05
RE1,CA_UPSEVC,0.05
RE1,NE_UPSPEM,0.05
RE1,AN_UPSPEM,0.05
RE1,SO_UPSPEM,0.05
RE1,OR_UPSPEM,0.05
RE1,CA_UPSPEM,0.05
RE1,NE_UPSALK,0.05
RE1,AN_UPSALK,0.05
RE1,SO_UPSALK,0.05
RE1,OR_UPSALK,0.05
RE1,CA_UPSALK,0.05
RE1,NE_UPSSMRCCS,0.05
RE1,AN_UPSSMRCCS,0.05
RE1,SO_UPSSMRCCS,0.05
RE1,OR_UPSSMRCCS,0.05
RE1,CA_UPSSMRCCS,0.05
RE1,NE_UPSSMR,0.05
RE1,AN_UPSSMR,0.05
RE1,SO_UPSSMR,0.05
RE1,OR_UPSSMR,0.05
RE1,CA_UPSSMR,0.05
RE1,NE_UPSBDB,0.05
RE1,AN_UPSBDB,0.05
RE1,SO_UPSBDB,0.05
RE1,OR_UPSBDB,0.05
RE1,CA_UPSBDB,0.05
RE1,NE_TYDBDL,0.05
RE1,AN_TYDBDL,0.05
RE1,SO_TYDBDL,0.05
RE1,OR_TYDBDL,0.05
RE1,CA_TYDBDL,0.05
RE1,NE_UPSBDL,0.05
RE1,AN_UPSBDL,0.05
RE1,OR_UPSBDL,0.05
RE1,CA_UPSBDL,0.05
RE1,NE_MINOPL,0.05
RE1,AN_MINOPL,0.05
RE1,OR_MINOPL,0.05
RE1,CA_MINOPL,0.05
RE1,NE_UPSBGB,0.05
RE1,AN_UPSBGB,0.05
RE1,SO_UPSBGB,0.05
RE1,OR_UPSBGB,0.05
RE1,CA_UPSBGB,0.05
RE1,NE_TYDBET,0.05
RE1,AN_TYDBET,0.05
RE1,SO_TYDBET,0.05
RE1,OR_TYDBET,0.05
RE1,CA_TYDBET,0.05
RE1,SO_UPSBET,0.05
RE1,OR_UPSBET,0.05
RE1,SO_MINSGC,0.05
RE1,OR_MINSGC,0.05
RE1,IN_DEMRESZNIELCCKN,0.05
RE1,IN_DEMRESZNILPGCKN,0.05
RE1,IN_DEMRESZNIWOOCKN,0.05
RE1,SE_DEMRESZNIELCCKN,0.05
RE1,SE_DEMRESZNILPGCKN,0.05
RE1,SE_DEMRESZNIWOOCKN,0.05
RE1,IN_DEMRESELCZNI,0.05
RE1,SE_DEMRESELCZNI,0.05
RE1,NE_DEMRESELCWTH_DUC_HIG_URB,0.05
RE1,AN_DEMRESELCWTH_DUC_HIG_URB,0.05
RE1,SO_DEMRESELCWTH_DUC_HIG_URB,0.05
RE1,OR_DEMRESELCWTH_DUC_HIG_URB,0.05
RE1,CA_DEMRESELCWTH_DUC_HIG_URB,0.05
RE1,NE_DEMRESELCWTH_DUC_HIG_RUR,0.05
RE1,AN_DEMRESELCWTH_DUC_HIG_RUR,0.05
RE1,SO_DEMRESELCWTH_DUC_HIG_RUR,0.05
RE1,OR_DEMRESELCWTH_DUC_HIG_RUR,0.05
RE1,CA_DEMRESELCWTH_DUC_HIG_RUR,0.05
RE1,NE_DEMRESELCWTH_DUC_MID_URB,0.05
RE1,AN_DEMRESELCWTH_DUC_MID_URB,0.05
RE1,SO_DEMRESELCWTH_DUC_MID_URB,0.05
RE1,OR_DEMRESELCWTH_DUC_MID_URB,0.05
RE1,CA_DEMRESELCWTH_DUC_MID_URB,0.05
RE1,NE_DEMRESELCWTH_DUC_MID_RUR,0.05
RE1,AN_DEMRESELCWTH_DUC_MID_RUR,0.05
RE1,SO_DEMRESELCWTH_DUC_MID_RUR,0.05
RE1,OR_DEMRESELCWTH_DUC_MID_RUR,0.05
RE1,CA_DEMRESELCWTH_DUC_MID_RUR,0.05
RE1,NE_DEMRESELCWTH_DUC_LOW_URB,0.05
RE1,AN_DEMRESELCWTH_DUC_LOW_URB,0.05
RE1,SO_DEMRESELCWTH_DUC_LOW_URB,0.05
RE1,OR_DEMRESELCWTH_DUC_LOW_URB,0.05
RE1,CA_DEMRESELCWTH_DUC_LOW_URB,0.05
RE1,NE_DEMRESELCWTH_DUC_LOW_RUR,0.05
RE1,AN_DEMRESELCWTH_DUC_LOW_RUR,0.05
RE1,SO_DEMRESELCWTH_DUC_LOW_RUR,0.05
RE1,OR_DEMRESELCWTH_DUC_LOW_RUR,0.05
RE1,CA_DEMRESELCWTH_DUC_LOW_RUR,0.05
RE1,NE_DEMRESELCWTH_PAS_HIG_URB,0.05
RE1,AN_DEMRESELCWTH_PAS_HIG_URB,0.05
RE1,SO_DEMRESELCWTH_PAS_HIG_URB,0.05
RE1,OR_DEMRESELCWTH_PAS_HIG_URB,0.05
RE1,CA_DEMRESELCWTH_PAS_HIG_URB,0.05
RE1,NE_DEMRESELCWTH_PAS_HIG_RUR,0.05
RE1,AN_DEMRESELCWTH_PAS_HIG_RUR,0.05
RE1,SO_DEMRESELCWTH_PAS_HIG_RUR,0.05
RE1,OR_DEMRESELCWTH_PAS_HIG_RUR,0.05
RE1,CA_DEMRESELCWTH_PAS_HIG_RUR,0.05
RE1,NE_DEMRESELCWTH_PAS_MID_URB,0.05
RE1,AN_DEMRESELCWTH_PAS_MID_URB,0.05
RE1,SO_DEMRESELCWTH_PAS_MID_URB,0.05
RE1,OR_DEMRESELCWTH_PAS_MID_URB,0.05
RE1,CA_DEMRESELCWTH_PAS_MID_URB,0.05
RE1,NE_DEMRESELCWTH_PAS_MID_RUR,0.05
RE1,AN_DEMRESELCWTH_PAS_MID_RUR,0.05
RE1,SO_DEMRESELCWTH_PAS_MID_RUR,0.05
RE1,OR_DEMRESELCWTH_PAS_MID_RUR,0.05
RE1,CA_DEMRESELCWTH_PAS_MID_RUR,0.05
RE1,NE_DEMRESELCWTH_PAS_LOW_URB,0.05
RE1,AN_DEMRESELCWTH_PAS_LOW_URB,0.05
RE1,SO_DEMRESELCWTH_PAS_LOW_URB,0.05
RE1,OR_DEMRESELCWTH_PAS_LOW_URB,0.05
RE1,CA_DEMRESELCWTH_PAS_LOW_URB,0.05
RE1,NE_DEMRESELCWTH_PAS_LOW_RUR,0.05
RE1,AN_DEMRESELCWTH_PAS_LOW_RUR,0.05
RE1,SO_DEMRESELCWTH_PAS_LOW_RUR,0.05
RE1,OR_DEMRESELCWTH_PAS_LOW_RUR,0.05
RE1,CA_DEMRESELCWTH_PAS_LOW_RUR,0.05
RE1,NE_DEMRESELCWTH_TAN_HIG_URB,0.05
RE1,AN_DEMRESELCWTH_TAN_HIG_URB,0.05
RE1,SO_DEMRESELCWTH_TAN_HIG_URB,0.05
RE1,OR_DEMRESELCWTH_TAN_HIG_URB,0.05
RE1,CA_DEMRESELCWTH_TAN_HIG_URB,0.05
RE1,NE_DEMRESELCWTH_TAN_HIG_RUR,0.05
RE1,AN_DEMRESELCWTH_TAN_HIG_RUR,0.05
RE1,SO_DEMRESELCWTH_TAN_HIG_RUR,0.05
RE1,OR_DEMRESELCWTH_TAN_HIG_RUR,0.05
RE1,CA_DEMRESELCWTH_TAN_HIG_RUR,0.05
RE1,NE_DEMRESELCWTH_TAN_MID_URB,0.05
RE1,AN_DEMRESELCWTH_TAN_MID_URB,0.05
RE1,SO_DEMRESELCWTH_TAN_MID_URB,0.05
RE1,OR_DEMRESELCWTH_TAN_MID_URB,0.05
RE1,CA_DEMRESELCWTH_TAN_MID_URB,0.05
RE1,NE_DEMRESELCWTH_TAN_MID_RUR,0.05
RE1,AN_DEMRESELCWTH_TAN_MID_RUR,0.05
RE1,SO_DEMRESELCWTH_TAN_MID_RUR,0.05
RE1,OR_DEMRESELCWTH_TAN_MID_RUR,0.05
RE1,CA_DEMRESELCWTH_TAN_MID_RUR,0.05
RE1,NE_DEMRESELCWTH_TAN_LOW_URB,0.05
RE1,AN_DEMRESELCWTH_TAN_LOW_URB,0.05
RE1,SO_DEMRESELCWTH_TAN_LOW_URB,0.05
RE1,OR_DEMRESELCWTH_TAN_LOW_URB,0.05
RE1,CA_DEMRESELCWTH_TAN_LOW_URB,0.05
RE1,NE_DEMRESELCWTH_TAN_LOW_RUR,0.05
RE1,AN_DEMRESELCWTH_TAN_LOW_RUR,0.05
RE1,SO_DEMRESELCWTH_TAN_LOW_RUR,0.05
RE1,OR_DEMRESELCWTH_TAN_LOW_RUR,0.05
RE1,CA_DEMRESELCWTH_TAN_LOW_RUR,0.05
RE1,NE_DEMRESNGSWTH_FOR_HIG_URB,0.05
RE1,AN_DEMRESNGSWTH_FOR_HIG_URB,0.05
RE1,SO_DEMRESNGSWTH_FOR_HIG_URB,0.05
RE1,OR_DEMRESNGSWTH_FOR_HIG_URB,0.05
RE1,CA_DEMRESNGSWTH_FOR_HIG_URB,0.05
RE1,NE_DEMRESNGSWTH_FOR_HIG_RUR,0.05
RE1,AN_DEMRESNGSWTH_FOR_HIG_RUR,0.05
RE1,SO_DEMRESNGSWTH_FOR_HIG_RUR,0.05
RE1,OR_DEMRESNGSWTH_FOR_HIG_RUR,0.05
RE1,CA_DEMRESNGSWTH_FOR_HIG_RUR,0.05
RE1,NE_DEMRESNGSWTH_FOR_MID_URB,0.05
RE1,AN_DEMRESNGSWTH_FOR_MID_URB,0.05
RE1,SO_DEMRESNGSWTH_FOR_MID_URB,0.05
RE1,OR_DEMRESNGSWTH_FOR_MID_URB,0.05
RE1,CA_DEMRESNGSWTH_FOR_MID_URB,0.05
RE1,NE_DEMRESNGSWTH_FOR_MID_RUR,0.05
RE1,AN_DEMRESNGSWTH_FOR_MID_RUR,0.05
RE1,SO_DEMRESNGSWTH_FOR_MID_RUR,0.05
RE1,OR_DEMRESNGSWTH_FOR_MID_RUR,0.05
RE1,CA_DEMRESNGSWTH_FOR_MID_RUR,0.05
RE1,NE_DEMRESNGSWTH_FOR_LOW_URB,0.05
RE1,AN_DEMRESNGSWTH_FOR_LOW_URB,0.05
RE1,SO_DEMRESNGSWTH_FOR_LOW_URB,0.05
RE1,OR_DEMRESNGSWTH_FOR_LOW_URB,0.05
RE1,CA_DEMRESNGSWTH_FOR_LOW_URB,0.05
RE1,NE_DEMRESNGSWTH_FOR_LOW_RUR,0.05
RE1,AN_DEMRESNGSWTH_FOR_LOW_RUR,0.05
RE1,SO_DEMRESNGSWTH_FOR_LOW_RUR,0.05
RE1,OR_DEMRESNGSWTH_FOR_LOW_RUR,0.05
RE1,CA_DEMRESNGSWTH_FOR_LOW_RUR,0.05
RE1,NE_DEMRESNGSWTH_NAT_HIG_URB,0.05
RE1,AN_DEMRESNGSWTH_NAT_HIG_URB,0.05
RE1,SO_DEMRESNGSWTH_NAT_HIG_URB,0.05
RE1,OR_DEMRESNGSWTH_NAT_HIG_URB,0.05
RE1,CA_DEMRESNGSWTH_NAT_HIG_URB,0.05
RE1,NE_DEMRESNGSWTH_NAT_HIG_RUR,0.05
RE1,AN_DEMRESNGSWTH_NAT_HIG_RUR,0.05
RE1,SO_DEMRESNGSWTH_NAT_HIG_RUR,0.05
RE1,OR_DEMRESNGSWTH_NAT_HIG_RUR,0.05
RE1,CA_DEMRESNGSWTH_NAT_HIG_RUR,0.05
RE1,NE_DEMRESNGSWTH_NAT_MID_URB,0.05
RE1,AN_DEMRESNGSWTH_NAT_MID_URB,0.05
RE1,SO_DEMRESNGSWTH_NAT_MID_URB,0.05
RE1,OR_DEMRESNGSWTH_NAT_MID_URB,0.05
RE1,CA_DEMRESNGSWTH_NAT_MID_URB,0.05
RE1,NE_DEMRESNGSWTH_NAT_MID_RUR,0.05
RE1,AN_DEMRESNGSWTH_NAT_MID_RUR,0.05
RE1,SO_DEMRESNGSWTH_NAT_MID_RUR,0.05
RE1,OR_DEMRESNGSWTH_NAT_MID_RUR,0.05
RE1,CA_DEMRESNGSWTH_NAT_MID_RUR,0.05
RE1,NE_DEMRESNGSWTH_NAT_LOW_URB,0.05
RE1,AN_DEMRESNGSWTH_NAT_LOW_URB,0.05
RE1,SO_DEMRESNGSWTH_NAT_LOW_URB,0.05
RE1,OR_DEMRESNGSWTH_NAT_LOW_URB,0.05
RE1,CA_DEMRESNGSWTH_NAT_LOW_URB,0.05
RE1,NE_DEMRESNGSWTH_NAT_LOW_RUR,0.05
RE1,AN_DEMRESNGSWTH_NAT_LOW_RUR,0.05
RE1,SO_DEMRESNGSWTH_NAT_LOW_RUR,0.05
RE1,OR_DEMRESNGSWTH_NAT_LOW_RUR,0.05
RE1,CA_DEMRESNGSWTH_NAT_LOW_RUR,0.05
RE1,NE_DEMRESELCWSH_HIG_URB,0.05
RE1,AN_DEMRESELCWSH_HIG_URB,0.05
RE1,SO_DEMRESELCWSH_HIG_URB,0.05
RE1,OR_DEMRESELCWSH_HIG_URB,0.05
RE1,CA_DEMRESELCWSH_HIG_URB,0.05
RE1,NE_DEMRESELCWSH_HIG_RUR,0.05
RE1,AN_DEMRESELCWSH_HIG_RUR,0.05
RE1,SO_DEMRESELCWSH_HIG_RUR,0.05
RE1,OR_DEMRESELCWSH_HIG_RUR,0.05
RE1,CA_DEMRESELCWSH_HIG_RUR,0.05
RE1,NE_DEMRESELCWSH_MID_URB,0.05
RE1,AN_DEMRESELCWSH_MID_URB,0.05
RE1,SO_DEMRESELCWSH_MID_URB,0.05
RE1,OR_DEMRESELCWSH_MID_URB,0.05
RE1,CA_DEMRESELCWSH_MID_URB,0.05
RE1,NE_DEMRESELCWSH_MID_RUR,0.05
RE1,AN_DEMRESELCWSH_MID_RUR,0.05
RE1,SO_DEMRESELCWSH_MID_RUR,0.05
RE1,OR_DEMRESELCWSH_MID_RUR,0.05
RE1,CA_DEMRESELCWSH_MID_RUR,0.05
RE1,NE_DEMRESELCWSH_LOW_URB,0.05
RE1,AN_DEMRESELCWSH_LOW_URB,0.05
RE1,SO_DEMRESELCWSH_LOW_URB,0.05
RE1,OR_DEMRESELCWSH_LOW_URB,0.05
RE1,CA_DEMRESELCWSH_LOW_URB,0.05
RE1,NE_DEMRESELCWSH_LOW_RUR,0.05
RE1,AN_DEMRESELCWSH_LOW_RUR,0.05
RE1,SO_DEMRESELCWSH_LOW_RUR,0.05
RE1,OR_DEMRESELCWSH_LOW_RUR,0.05
RE1,CA_DEMRESELCWSH_LOW_RUR,0.05
RE1,NE_DEMRESELCTV_HIG_URB,0.05
RE1,AN_DEMRESELCTV_HIG_URB,0.05
RE1,SO_DEMRESELCTV_HIG_URB,0.05
RE1,OR_DEMRESELCTV_HIG_URB,0.05
RE1,CA_DEMRESELCTV_HIG_URB,0.05
RE1,NE_DEMRESELCTV_HIG_RUR,0.05
RE1,AN_DEMRESELCTV_HIG_RUR,0.05
RE1,SO_DEMRESELCTV_HIG_RUR,0.05
RE1,OR_DEMRESELCTV_HIG_RUR,0.05
RE1,CA_DEMRESELCTV_HIG_RUR,0.05
RE1,NE_DEMRESELCTV_MID_URB,0.05
RE1,AN_DEMRESELCTV_MID_URB,0.05
RE1,SO_DEMRESELCTV_MID_URB,0.05
RE1,OR_DEMRESELCTV_MID_URB,0.05
RE1,CA_DEMRESELCTV_MID_URB,0.05
RE1,NE_DEMRESELCTV_MID_RUR,0.05
RE1,AN_DEMRESELCTV_MID_RUR,0.05
RE1,SO_DEMRESELCTV_MID_RUR,0.05
RE1,OR_DEMRESELCTV_MID_RUR,0.05
RE1,CA_DEMRESELCTV_MID_RUR,0.05
RE1,NE_DEMRESELCTV_LOW_URB,0.05
RE1,AN_DEMRESELCTV_LOW_URB,0.05
RE1,SO_DEMRESELCTV_LOW_URB,0.05
RE1,OR_DEMRESELCTV_LOW_URB,0.05
RE1,CA_DEMRESELCTV_LOW_URB,0.05
RE1,NE_DEMRESELCTV_LOW_RUR,0.05
RE1,AN_DEMRESELCTV_LOW_RUR,0.05
RE1,SO_DEMRESELCTV_LOW_RUR,0.05
RE1,OR_DEMRESELCTV_LOW_RUR,0.05
RE1,CA_DEMRESELCTV_LOW_RUR,0.05
RE1,NE_DEMRESELCTV_CRT_URB,0.05
RE1,AN_DEMRESELCTV_CRT_URB,0.05
RE1,SO_DEMRESELCTV_CRT_URB,0.05
RE1,OR_DEMRESELCTV_CRT_URB,0.05
RE1,CA_DEMRESELCTV_CRT_URB,0.05
RE1,NE_DEMRESELCTV_CRT_RUR,0.05
RE1,AN_DEMRESELCTV_CRT_RUR,0.05
RE1,SO_DEMRESELCTV_CRT_RUR,0.05
RE1,OR_DEMRESELCTV_CRT_RUR,0.05
RE1,CA_DEMRESELCTV_CRT_RUR,0.05
RE1,NE_DEMRESELCREF_HIG_URB,0.05
RE1,AN_DEMRESELCREF_HIG_URB,0.05
RE1,SO_DEMRESELCREF_HIG_URB,0.05
RE1,OR_DEMRESELCREF_HIG_URB,0.05
RE1,CA_DEMRESELCREF_HIG_URB,0.05
RE1,NE_DEMRESELCREF_HIG_RUR,0.05
RE1,AN_DEMRESELCREF_HIG_RUR,0.05
RE1,SO_DEMRESELCREF_HIG_RUR,0.05
RE1,OR_DEMRESELCREF_HIG_RUR,0.05
RE1,CA_DEMRESELCREF_HIG_RUR,0.05
RE1,NE_DEMRESELCREF_MID_URB,0.05
RE1,AN_DEMRESELCREF_MID_URB,0.05
RE1,SO_DEMRESELCREF_MID_URB,0.05
RE1,OR_DEMRESELCREF_MID_URB,0.05
RE1,CA_DEMRESELCREF_MID_URB,0.05
RE1,NE_DEMRESELCREF_MID_RUR,0.05
RE1,AN_DEMRESELCREF_MID_RUR,0.05
RE1,SO_DEMRESELCREF_MID_RUR,0.05
RE1,OR_DEMRESELCREF_MID_RUR,0.05
RE1,CA_DEMRESELCREF_MID_RUR,0.05
RE1,NE_DEMRESELCREF_LOW_URB,0.05
RE1,AN_DEMRESELCREF_LOW_URB,0.05
RE1,SO_DEMRESELCREF_LOW_URB,0.05
RE1,OR_DEMRESELCREF_LOW_URB,0.05
RE1,CA_DEMRESELCREF_LOW_URB,0.05
RE1,NE_DEMRESELCREF_LOW_RUR,0.05
RE1,AN_DEMRESELCREF_LOW_RUR,0.05
RE1,SO_DEMRESELCREF_LOW_RUR,0.05
RE1,OR_DEMRESELCREF_LOW_RUR,0.05
RE1,CA_DEMRESELCREF_LOW_RUR,0.05
RE1,NE_DEMRESELCOTH_HIG_URB,0.05
RE1,AN_DEMRESELCOTH_HIG_URB,0.05
RE1,SO_DEMRESELCOTH_HIG_URB,0.05
RE1,OR_DEMRESELCOTH_HIG_URB,0.05
RE1,CA_DEMRESELCOTH_HIG_URB,0.05
RE1,NE_DEMRESELCOTH_HIG_RUR,0.05
RE1,AN_DEMRESELCOTH_HIG_RUR,0.05
RE1,SO_DEMRESELCOTH_HIG_RUR,0.05
RE1,OR_DEMRESELCOTH_HIG_RUR,0.05
RE1,CA_DEMRESELCOTH_HIG_RUR,0.05
RE1,NE_DEMRESELCOTH_MID_URB,0.05
RE1,AN_DEMRESELCOTH_MID_URB,0.05
RE1,SO_DEMRESELCOTH_MID_URB,0.05
RE1,OR_DEMRESELCOTH_MID_URB,0.05
RE1,CA_DEMRESELCOTH_MID_URB,0.05
RE1,NE_DEMRESELCOTH_MID_RUR,0.05
RE1,AN_DEMRESELCOTH_MID_RUR,0.05
RE1,SO_DEMRESELCOTH_MID_RUR,0.05
RE1,OR_DEMRESELCOTH_MID_RUR,0.05
RE1,CA_DEMRESELCOTH_MID_RUR,0.05
RE1,NE_DEMRESELCOTH_LOW_URB,0.05
RE1,AN_DEMRESELCOTH_LOW_URB,0.05
RE1,SO_DEMRESELCOTH_LOW_URB,0.05
RE1,OR_DEMRESELCOTH_LOW_URB,0.05
RE1,CA_DEMRESELCOTH_LOW_URB,0.05
RE1,NE_DEMRESELCOTH_LOW_RUR,0.05
RE1,AN_DEMRESELCOTH_LOW_RUR,0.05
RE1,SO_DEMRESELCOTH_LOW_RUR,0.05
RE1,OR_DEMRESELCOTH_LOW_RUR,0.05
RE1,CA_DEMRESELCOTH_LOW_RUR,0.05
RE1,NE_DEMRESELCILU_HIG_URB,0.05
RE1,AN_DEMRESELCILU_HIG_URB,0.05
RE1,SO_DEMRESELCILU_HIG_URB,0.05
RE1,OR_DEMRESELCILU_HIG_URB,0.05
RE1,CA_DEMRESELCILU_HIG_URB,0.05
RE1,NE_DEMRESELCILU_HIG_RUR,0.05
RE1,AN_DEMRESELCILU_HIG_RUR,0.05
RE1,SO_DEMRESELCILU_HIG_RUR,0.05
RE1,OR_DEMRESELCILU_HIG_RUR,0.05
RE1,CA_DEMRESELCILU_HIG_RUR,0.05
RE1,NE_DEMRESELCILU_MID_URB,0.05
RE1,AN_DEMRESELCILU_MID_URB,0.05
RE1,SO_DEMRESELCILU_MID_URB,0.05
RE1,OR_DEMRESELCILU_MID_URB,0.05
RE1,CA_DEMRESELCILU_MID_URB,0.05
RE1,NE_DEMRESELCILU_MID_RUR,0.05
RE1,AN_DEMRESELCILU_MID_RUR,0.05
RE1,SO_DEMRESELCILU_MID_RUR,0.05
RE1,OR_DEMRESELCILU_MID_RUR,0.05
RE1,CA_DEMRESELCILU_MID_RUR,0.05
RE1,NE_DEMRESELCILU_LOW_URB,0.05
RE1,AN_DEMRESELCILU_LOW_URB,0.05
RE1,SO_DEMRESELCILU_LOW_URB,0.05
RE1,OR_DEMRESELCILU_LOW_URB,0.05
RE1,CA_DEMRESELCILU_LOW_URB,0.05
RE1,NE_DEMRESELCILU_LOW_RUR,0.05
RE1,AN_DEMRESELCILU_LOW_RUR,0.05
RE1,SO_DEMRESELCILU_LOW_RUR,0.05
RE1,OR_DEMRESELCILU_LOW_RUR,0.05
RE1,CA_DEMRESELCILU_LOW_RUR,0.05
RE1,NE_DEMRESELCILU_INC_URB,0.05
RE1,AN_DEMRESELCILU_INC_URB,0.05
RE1,SO_DEMRESELCILU_INC_URB,0.05
RE1,OR_DEMRESELCILU_INC_URB,0.05
RE1,CA_DEMRESELCILU_INC_URB,0.05
RE1,NE_DEMRESELCILU_INC_RUR,0.05
RE1,AN_DEMRESELCILU_INC_RUR,0.05
RE1,SO_DEMRESELCILU_INC_RUR,0.05
RE1,OR_DEMRESELCILU_INC_RUR,0.05
RE1,CA_DEMRESELCILU_INC_RUR,0.05
RE1,NE_DEMRESELCILU_LFC_URB,0.05
RE1,AN_DEMRESELCILU_LFC_URB,0.05
RE1,SO_DEMRESELCILU_LFC_URB,0.05
RE1,OR_DEMRESELCILU_LFC_URB,0.05
RE1,CA_DEMRESELCILU_LFC_URB,0.05
RE1,NE_DEMRESELCILU_LFC_RUR,0.05
RE1,AN_DEMRESELCILU_LFC_RUR,0.05
RE1,SO_DEMRESELCILU_LFC_RUR,0.05
RE1,OR_DEMRESELCILU_LFC_RUR,0.05
RE1,CA_DEMRESELCILU_LFC_RUR,0.05
RE1,NE_DEMRESWOOCKN_HIG_URB,0.05
RE1,AN_DEMRESWOOCKN_HIG_URB,0.05
RE1,SO_DEMRESWOOCKN_HIG_URB,0.05
RE1,OR_DEMRESWOOCKN_HIG_URB,0.05
RE1,CA_DEMRESWOOCKN_HIG_URB,0.05
RE1,NE_DEMRESWOOCKN_HIG_RUR,0.05
RE1,AN_DEMRESWOOCKN_HIG_RUR,0.05
RE1,SO_DEMRESWOOCKN_HIG_RUR,0.05
RE1,OR_DEMRESWOOCKN_HIG_RUR,0.05
RE1,CA_DEMRESWOOCKN_HIG_RUR,0.05
RE1,NE_DEMRESWOOCKN_MID_URB,0.05
RE1,AN_DEMRESWOOCKN_MID_URB,0.05
RE1,SO_DEMRESWOOCKN_MID_URB,0.05
RE1,OR_DEMRESWOOCKN_MID_URB,0.05
RE1,CA_DEMRESWOOCKN_MID_URB,0.05
RE1,NE_DEMRESWOOCKN_MID_RUR,0.05
RE1,AN_DEMRESWOOCKN_MID_RUR,0.05
RE1,SO_DEMRESWOOCKN_MID_RUR,0.05
RE1,OR_DEMRESWOOCKN_MID_RUR,0.05
RE1,CA_DEMRESWOOCKN_MID_RUR,0.05
RE1,NE_DEMRESWOOCKN_LOW_URB,0.05
RE1,AN_DEMRESWOOCKN_LOW_URB,0.05
RE1,SO_DEMRESWOOCKN_LOW_URB,0.05
RE1,OR_DEMRESWOOCKN_LOW_URB,0.05
RE1,CA_DEMRESWOOCKN_LOW_URB,0.05
RE1,NE_DEMRESWOOCKN_LOW_RUR,0.05
RE1,AN_DEMRESWOOCKN_LOW_RUR,0.05
RE1,SO_DEMRESWOOCKN_LOW_RUR,0.05
RE1,OR_DEMRESWOOCKN_LOW_RUR,0.05
RE1,CA_DEMRESWOOCKN_LOW_RUR,0.05
RE1,NE_DEMRESNGSCKN_HIG_URB,0.05
RE1,AN_DEMRESNGSCKN_HIG_URB,0.05
RE1,SO_DEMRESNGSCKN_HIG_URB,0.05
RE1,OR_DEMRESNGSCKN_HIG_URB,0.05
RE1,CA_DEMRESNGSCKN_HIG_URB,0.05
RE1,NE_DEMRESNGSCKN_HIG_RUR,0.05
RE1,AN_DEMRESNGSCKN_HIG_RUR,0.05
RE1,SO_DEMRESNGSCKN_HIG_RUR,0.05
RE1,OR_DEMRESNGSCKN_HIG_RUR,0.05
RE1,CA_DEMRESNGSCKN_HIG_RUR,0.05
RE1,NE_DEMRESNGSCKN_MID_URB,0.05
RE1,AN_DEMRESNGSCKN_MID_URB,0.05
RE1,SO_DEMRESNGSCKN_MID_URB,0.05
RE1,OR_DEMRESNGSCKN_MID_URB,0.05
RE1,CA_DEMRESNGSCKN_MID_URB,0.05
RE1,NE_DEMRESNGSCKN_MID_RUR,0.05
RE1,AN_DEMRESNGSCKN_MID_RUR,0.05
RE1,SO_DEMRESNGSCKN_MID_RUR,0.05
RE1,OR_DEMRESNGSCKN_MID_RUR,0.05
RE1,CA_DEMRESNGSCKN_MID_RUR,0.05
RE1,NE_DEMRESNGSCKN_LOW_URB,0.05
RE1,AN_DEMRESNGSCKN_LOW_URB,0.05
RE1,SO_DEMRESNGSCKN_LOW_URB,0.05
RE1,OR_DEMRESNGSCKN_LOW_URB,0.05
RE1,CA_DEMRESNGSCKN_LOW_URB,0.05
RE1,NE_DEMRESNGSCKN_LOW_RUR,0.05
RE1,AN_DEMRESNGSCKN_LOW_RUR,0.05
RE1,SO_DEMRESNGSCKN_LOW_RUR,0.05
RE1,OR_DEMRESNGSCKN_LOW_RUR,0.05
RE1,CA_DEMRESNGSCKN_LOW_RUR,0.05
RE1,NE_DEMRESLPGCKN_HIG_URB,0.05
RE1,AN_DEMRESLPGCKN_HIG_URB,0.05
RE1,SO_DEMRESLPGCKN_HIG_URB,0.05
RE1,OR_DEMRESLPGCKN_HIG_URB,0.05
RE1,CA_DEMRESLPGCKN_HIG_URB,0.05
RE1,NE_DEMRESLPGCKN_HIG_RUR,0.05
RE1,AN_DEMRESLPGCKN_HIG_RUR,0.05
RE1,SO_DEMRESLPGCKN_HIG_RUR,0.05
RE1,OR_DEMRESLPGCKN_HIG_RUR,0.05
RE1,CA_DEMRESLPGCKN_HIG_RUR,0.05
RE1,NE_DEMRESLPGCKN_MID_URB,0.05
RE1,AN_DEMRESLPGCKN_MID_URB,0.05
RE1,SO_DEMRESLPGCKN_MID_URB,0.05
RE1,OR_DEMRESLPGCKN_MID_URB,0.05
RE1,CA_DEMRESLPGCKN_MID_URB,0.05
RE1,NE_DEMRESLPGCKN_MID_RUR,0.05
RE1,AN_DEMRESLPGCKN_MID_RUR,0.05
RE1,SO_DEMRESLPGCKN_MID_RUR,0.05
RE1,OR_DEMRESLPGCKN_MID_RUR,0.05
RE1,CA_DEMRESLPGCKN_MID_RUR,0.05
RE1,NE_DEMRESLPGCKN_LOW_URB,0.05
RE1,AN_DEMRESLPGCKN_LOW_URB,0.05
RE1,SO_DEMRESLPGCKN_LOW_URB,0.05
RE1,OR_DEMRESLPGCKN_LOW_URB,0.05
RE1,CA_DEMRESLPGCKN_LOW_URB,0.05
RE1,NE_DEMRESLPGCKN_LOW_RUR,0.05
RE1,AN_DEMRESLPGCKN_LOW_RUR,0.05
RE1,SO_DEMRESLPGCKN_LOW_RUR,0.05
RE1,OR_DEMRESLPGCKN_LOW_RUR,0.05
RE1,CA_DEMRESLPGCKN_LOW_RUR,0.05
RE1,NE_DEMRESELCCKN_HIG_URB,0.05
RE1,AN_DEMRESELCCKN_HIG_URB,0.05
RE1,SO_DEMRESELCCKN_HIG_URB,0.05
RE1,OR_DEMRESELCCKN_HIG_URB,0.05
RE1,CA_DEMRESELCCKN_HIG_URB,0.05
RE1,NE_DEMRESELCCKN_HIG_RUR,0.05
RE1,AN_DEMRESELCCKN_HIG_RUR,0.05
RE1,SO_DEMRESELCCKN_HIG_RUR,0.05
RE1,OR_DEMRESELCCKN_HIG_RUR,0.05
RE1,CA_DEMRESELCCKN_HIG_RUR,0.05
RE1,NE_DEMRESELCCKN_MID_URB,0.05
RE1,AN_DEMRESELCCKN_MID_URB,0.05
RE1,SO_DEMRESELCCKN_MID_URB,0.05
RE1,OR_DEMRESELCCKN_MID_URB,0.05
RE1,CA_DEMRESELCCKN_MID_URB,0.05
RE1,NE_DEMRESELCCKN_MID_RUR,0.05
RE1,AN_DEMRESELCCKN_MID_RUR,0.05
RE1,SO_DEMRESELCCKN_MID_RUR,0.05
RE1,OR_DEMRESELCCKN_MID_RUR,0.05
RE1,CA_DEMRESELCCKN_MID_RUR,0.05
RE1,NE_DEMRESELCCKN_LOW_URB,0.05
RE1,AN_DEMRESELCCKN_LOW_URB,0.05
RE1,SO_DEMRESELCCKN_LOW_URB,0.05
RE1,OR_DEMRESELCCKN_LOW_URB,0.05
RE1,CA_DEMRESELCCKN_LOW_URB,0.05
RE1,NE_DEMRESELCCKN_LOW_RUR,0.05
RE1,AN_DEMRESELCCKN_LOW_RUR,0.05
RE1,SO_DEMRESELCCKN_LOW_RUR,0.05
RE1,OR_DEMRESELCCKN_LOW_RUR,0.05
RE1,CA_DEMRESELCCKN_LOW_RUR,0.05
RE1,IN_MINWOO,0.05
RE1,SE_MINWOO,0.05
RE1,NE_MINWOO,0.05
RE1,AN_MINWOO,0.05
RE1,SO_MINWOO,0.05
RE1,OR_MINWOO,0.05
RE1,CA_MINWOO,0.05
RE1,NE_DEMRESELCFAN_HIG_URB,0.05
RE1,AN_DEMRESELCFAN_HIG_URB,0.05
RE1,SO_DEMRESELCFAN_HIG_URB,0.05
RE1,OR_DEMRESELCFAN_HIG_URB,0.05
RE1,CA_DEMRESELCFAN_HIG_URB,0.05
RE1,NE_DEMRESELCFAN_HIG_RUR,0.05
RE1,AN_DEMRESELCFAN_HIG_RUR,0.05
RE1,SO_DEMRESELCFAN_HIG_RUR,0.05
RE1,OR_DEMRESELCFAN_HIG_RUR,0.05
RE1,CA_DEMRESELCFAN_HIG_RUR,0.05
RE1,NE_DEMRESELCFAN_MID_URB,0.05
RE1,AN_DEMRESELCFAN_MID_URB,0.05
RE1,SO_DEMRESELCFAN_MID_URB,0.05
RE1,OR_DEMRESELCFAN_MID_URB,0.05
RE1,CA_DEMRESELCFAN_MID_URB,0.05
RE1,NE_DEMRESELCFAN_MID_RUR,0.05
RE1,AN_DEMRESELCFAN_MID_RUR,0.05
RE1,SO_DEMRESELCFAN_MID_RUR,0.05
RE1,OR_DEMRESELCFAN_MID_RUR,0.05
RE1,CA_DEMRESELCFAN_MID_RUR,0.05
RE1,NE_DEMRESELCFAN_LOW_URB,0.05
RE1,AN_DEMRESELCFAN_LOW_URB,0.05
RE1,SO_DEMRESELCFAN_LOW_URB,0.05
RE1,OR_DEMRESELCFAN_LOW_URB,0.05
RE1,CA_DEMRESELCFAN_LOW_URB,0.05
RE1,NE_DEMRESELCFAN_LOW_RUR,0.05
RE1,AN_DEMRESELCFAN_LOW_RUR,0.05
RE1,SO_DEMRESELCFAN_LOW_RUR,0.05
RE1,OR_DEMRESELCFAN_LOW_RUR,0.05
RE1,CA_DEMRESELCFAN_LOW_RUR,0.05
RE1,NE_DEMRESELCAIR_SPL_HIG_URB,0.05
RE1,AN_DEMRESELCAIR_SPL_HIG_URB,0.05
RE1,SO_DEMRESELCAIR_SPL_HIG_URB,0.05
RE1,OR_DEMRESELCAIR_SPL_HIG_URB,0.05
RE1,CA_DEMRESELCAIR_SPL_HIG_URB,0.05
RE1,NE_DEMRESELCAIR_SPL_HIG_RUR,0.05
RE1,AN_DEMRESELCAIR_SPL_HIG_RUR,0.05
RE1,SO_DEMRESELCAIR_SPL_HIG_RUR,0.05
RE1,OR_DEMRESELCAIR_SPL_HIG_RUR,0.05
RE1,CA_DEMRESELCAIR_SPL_HIG_RUR,0.05
RE1,NE_DEMRESELCAIR_SPL_MID_URB,0.05
RE1,AN_DEMRESELCAIR_SPL_MID_URB,0.05
RE1,SO_DEMRESELCAIR_SPL_MID_URB,0.05
RE1,OR_DEMRESELCAIR_SPL_MID_URB,0.05
RE1,CA_DEMRESELCAIR_SPL_MID_URB,0.05
RE1,NE_DEMRESELCAIR_SPL_MID_RUR,0.05
RE1,AN_DEMRESELCAIR_SPL_MID_RUR,0.05
RE1,SO_DEMRESELCAIR_SPL_MID_RUR,0.05
RE1,OR_DEMRESELCAIR_SPL_MID_RUR,0.05
RE1,CA_DEMRESELCAIR_SPL_MID_RUR,0.05
RE1,NE_DEMRESELCAIR_SPL_LOW_URB,0.05
RE1,AN_DEMRESELCAIR_SPL_LOW_URB,0.05
RE1,SO_DEMRESELCAIR_SPL_LOW_URB,0.05
RE1,OR_DEMRESELCAIR_SPL_LOW_URB,0.05
RE1,CA_DEMRESELCAIR_SPL_LOW_URB,0.05
RE1,NE_DEMRESELCAIR_SPL_LOW_RUR,0.05
RE1,AN_DEMRESELCAIR_SPL_LOW_RUR,0.05
RE1,SO_DEMRESELCAIR_SPL_LOW_RUR,0.05
RE1,OR_DEMRESELCAIR_SPL_LOW_RUR,0.05
RE1,CA_DEMRESELCAIR_SPL_LOW_RUR,0.05
RE1,NE_DEMRESELCAIR_POR_HIG_URB,0.05
RE1,AN_DEMRESELCAIR_POR_HIG_URB,0.05
RE1,SO_DEMRESELCAIR_POR_HIG_URB,0.05
RE1,OR_DEMRESELCAIR_POR_HIG_URB,0.05
RE1,CA_DEMRESELCAIR_POR_HIG_URB,0.05
RE1,NE_DEMRESELCAIR_POR_HIG_RUR,0.05
RE1,AN_DEMRESELCAIR_POR_HIG_RUR,0.05
RE1,SO_DEMRESELCAIR_POR_HIG_RUR,0.05
RE1,OR_DEMRESELCAIR_POR_HIG_RUR,0.05
RE1,CA_DEMRESELCAIR_POR_HIG_RUR,0.05
RE1,NE_DEMRESELCAIR_POR_MID_URB,0.05
RE1,AN_DEMRESELCAIR_POR_MID_URB,0.05
RE1,SO_DEMRESELCAIR_POR_MID_URB,0.05
RE1,OR_DEMRESELCAIR_POR_MID_URB,0.05
RE1,CA_DEMRESELCAIR_POR_MID_URB,0.05
RE1,NE_DEMRESELCAIR_POR_MID_RUR,0.05
RE1,AN_DEMRESELCAIR_POR_MID_RUR,0.05
RE1,SO_DEMRESELCAIR_POR_MID_RUR,0.05
RE1,OR_DEMRESELCAIR_POR_MID_RUR,0.05
RE1,CA_DEMRESELCAIR_POR_MID_RUR,0.05
RE1,NE_DEMRESELCAIR_POR_LOW_URB,0.05
RE1,AN_DEMRESELCAIR_POR_LOW_URB,0.05
RE1,SO_DEMRESELCAIR_POR_LOW_URB,0.05
RE1,OR_DEMRESELCAIR_POR_LOW_URB,0.05
RE1,CA_DEMRESELCAIR_POR_LOW_URB,0.05
RE1,NE_DEMRESELCAIR_POR_LOW_RUR,0.05
RE1,AN_DEMRESELCAIR_POR_LOW_RUR,0.05
RE1,SO_DEMRESELCAIR_POR_LOW_RUR,0.05
RE1,OR_DEMRESELCAIR_POR_LOW_RUR,0.05
RE1,CA_DEMRESELCAIR_POR_LOW_RUR,0.05
RE1,NE_DEMRESELCAIR_PAR_HIG_URB,0.05
RE1,AN_DEMRESELCAIR_PAR_HIG_URB,0.05
RE1,SO_DEMRESELCAIR_PAR_HIG_URB,0.05
RE1,OR_DEMRESELCAIR_PAR_HIG_URB,0.05
RE1,CA_DEMRESELCAIR_PAR_HIG_URB,0.05
RE1,NE_DEMRESELCAIR_PAR_HIG_RUR,0.05
RE1,AN_DEMRESELCAIR_PAR_HIG_RUR,0.05
RE1,SO_DEMRESELCAIR_PAR_HIG_RUR,0.05
RE1,OR_DEMRESELCAIR_PAR_HIG_RUR,0.05
RE1,CA_DEMRESELCAIR_PAR_HIG_RUR,0.05
RE1,NE_DEMRESELCAIR_PAR_MID_URB,0.05
RE1,AN_DEMRESELCAIR_PAR_MID_URB,0.05
RE1,SO_DEMRESELCAIR_PAR_MID_URB,0.05
RE1,OR_DEMRESELCAIR_PAR_MID_URB,0.05
RE1,CA_DEMRESELCAIR_PAR_MID_URB,0.05
RE1,NE_DEMRESELCAIR_PAR_MID_RUR,0.05
RE1,AN_DEMRESELCAIR_PAR_MID_RUR,0.05
RE1,SO_DEMRESELCAIR_PAR_MID_RUR,0.05
RE1,OR_DEMRESELCAIR_PAR_MID_RUR,0.05
RE1,CA_DEMRESELCAIR_PAR_MID_RUR,0.05
RE1,NE_DEMRESELCAIR_PAR_LOW_URB,0.05
RE1,AN_DEMRESELCAIR_PAR_LOW_URB,0.05
RE1,SO_DEMRESELCAIR_PAR_LOW_URB,0.05
RE1,OR_DEMRESELCAIR_PAR_LOW_URB,0.05
RE1,CA_DEMRESELCAIR_PAR_LOW_URB,0.05
RE1,NE_DEMRESELCAIR_PAR_LOW_RUR,0.05
RE1,AN_DEMRESELCAIR_PAR_LOW_RUR,0.05
RE1,SO_DEMRESELCAIR_PAR_LOW_RUR,0.05
RE1,OR_DEMRESELCAIR_PAR_LOW_RUR,0.05
RE1,CA_DEMRESELCAIR_PAR_LOW_RUR,0.05
RE1,NE_PWRDIST,0.05
RE1,AN_PWRDIST,0.05
RE1,SO_PWRDIST,0.05
RE1,OR_PWRDIST,0.05
RE1,CA_PWRDIST,0.05
RE1,CA_PWRFOL,0.05
RE1,CA_PWRLPG,0.05
RE1,SO_PWRJET,0.05
RE1,AN_PWRDSL,0.05
RE1,SO_PWRDSL,0.05
RE1,CA_PWRNUC,0.05
RE1,IN_TYDJET,0.05
RE1,IN_TYDLPG,0.05
RE1,IN_TYDDSL,0.05
RE1,IN_TYDGSL,0.05
RE1,SE_TYDJET,0.05
RE1,SE_TYDLPG,0.05
RE1,SE_TYDDSL,0.05
RE1,SE_TYDGSL,0.05
RE1,CA_EXPOIL,0.05
RE1,SO_EXPOIL,0.05
RE1,TRNOIL_AN_CA,0.05
RE1,TRNOIL_SO_AN,0.05
RE1,TRNOIL_NE_CA,0.05
RE1,TRNOIL_NE_AN,0.05
RE1,TRNOIL_OR_NE,0.05
RE1,CA_EXPCOA,0.05
RE1,SE_PWRHYDROR_NDC,0.05
RE1,CA_PWRWNDONS,0.05
RE1,CA_PWRWNDOFS_FLO,0.05
RE1,CA_PWRWNDOFS_FIX,0.05
RE1,IN_PWRSTD,0.05
RE1,SE_PWRSTD,0.05
RE1,NE_PWRSOLUGE,0.05
RE1,AN_PWRSOLUGE,0.05
RE1,SO_PWRSOLUGE,0.05
RE1,OR_PWRSOLUGE,0.05
RE1,CA_PWRSOLUGE,0.05
RE1,IN_PWRSOLRTP_ZNI,0.05
RE1,SE_PWRSOLRTP_ZNI,0.05
RE1,NE_PWRSOLRTP,0.05
RE1,AN_PWRSOLRTP,0.05
RE1,SO_PWRSOLRTP,0.05
RE1,OR_PWRSOLRTP,0.05
RE1,CA_PWRSOLRTP,0.05
RE1,NE_PWRNGSCCS,0.05
RE1,AN_PWRNGSCCS,0.05
RE1,SO_PWRNGSCCS,0.05
RE1,OR_PWRNGSCCS,0.05
RE1,CA_PWRNGSCCS,0.05
RE1,NE_PWRNGS_CC,0.05
RE1,AN_PWRNGS_CC,0.05
RE1,SO_PWRNGS_CC,0.05
RE1,OR_PWRNGS_CC,0.05
RE1,CA_PWRNGS_CC,0.05
RE1,NE_PWRNGS_SC,0.05
RE1,AN_PWRNGS_SC,0.05
RE1,SO_PWRNGS_SC,0.05
RE1,OR_PWRNGS_SC,0.05
RE1,CA_PWRNGS_SC,0.05
RE1,NE_PWRHYDROR,0.05
RE1,AN_PWRHYDROR,0.05
RE1,SO_PWRHYDROR,0.05
RE1,OR_PWRHYDROR,0.05
RE1,CA_PWRHYDROR,0.05
RE1,NE_PWRHYDDAM,0.05
RE1,AN_PWRHYDDAM,0.05
RE1,SO_PWRHYDDAM,0.05
RE1,OR_PWRHYDDAM,0.05
RE1,CA_PWRHYDDAM,0.05
RE1,SO_PWRGEO,0.05
RE1,SO_PWRCSP,0.05
RE1,CA_PWRCSP,0.05
RE1,NE_PWRCOACCS,0.05
RE1,AN_PWRCOACCS,0.05
RE1,SO_PWRCOACCS,0.05
RE1,OR_PWRCOACCS,0.05
RE1,CA_PWRCOACCS,0.05
RE1,SE_PWRBGS,0.05
RE1,NE_PWRBGS,0.05
RE1,AN_PWRBGS,0.05
RE1,SO_PWRBGS,0.05
RE1,OR_PWRBGS,0.05
RE1,CA_PWRBGS,0.05
RE1,SE_UPSBGS,0.05
RE1,NE_UPSBGS,0.05
RE1,AN_UPSBGS,0.05
RE1,SO_UPSBGS,0.05
RE1,OR_UPSBGS,0.05
RE1,CA_UPSBGS,0.05
RE1,SE_MINWAS,0.05
RE1,NE_MINWAS,0.05
RE1,AN_MINWAS,0.05
RE1,SO_MINWAS,0.05
RE1,OR_MINWAS,0.05
RE1,CA_MINWAS,0.05
RE1,SE_PWRAFR,0.05
RE1,NE_PWRAFR,0.05
RE1,AN_PWRAFR,0.05
RE1,SO_PWRAFR,0.05
RE1,OR_PWRAFR,0.05
RE1,CA_PWRAFR,0.05
RE1,SE_MINAFR,0.05
RE1,NE_MINAFR,0.05
RE1,AN_MINAFR,0.05
RE1,SO_MINAFR,0.05
RE1,OR_MINAFR,0.05
RE1,CA_MINAFR,0.05
RE1,SO_EXPECU,0.05
RE1,SO_IMPFOL,0.05
RE1,CA_IMPFOL,0.05
RE1,SO_IMPJET,0.05
RE1,CA_IMPJET,0.05
RE1,SO_IMPGSL,0.05
RE1,CA_IMPGSL,0.05
RE1,SO_IMPDSL,0.05
RE1,CA_IMPDSL,0.05
RE1,SO_IMPLPG,0.05
RE1,CA_IMPLPG,0.05
RE1,SO_UPSREG,0.05
RE1,CA_UPSREG,0.05
RE1,SO_IMPLNG,0.05
RE1,CA_IMPLNG,0.05
RE1,SO_IMPOIL,0.05
RE1,CA_IMPOIL,0.05
RE1,SO_IMPURN,0.05
RE1,CA_IMPURN,0.05
RE1,TRNNGS_NE_AN,0.05
RE1,TRNNGS_NE_SO,0.05
RE1,TRNNGS_NE_OR,0.05
RE1,TRNNGS_CA_NE,0.05
RE1,NE_TYDNGS,0.05
RE1,AN_TYDNGS,0.05
RE1,SO_TYDNGS,0.05
RE1,OR_TYDNGS,0.05
RE1,CA_TYDNGS,0.05
RE1,NE_MINNGS,0.05
RE1,AN_MINNGS,0.05
RE1,SO_MINNGS,0.05
RE1,OR_MINNGS,0.05
RE1,CA_MINNGS,0.05
RE1,NE_TYDJET,0.05
RE1,AN_TYDJET,0.05
RE1,SO_TYDJET,0.05
RE1,OR_TYDJET,0.05
RE1,CA_TYDJET,0.05
RE1,NE_TYDLPG,0.05
RE1,AN_TYDLPG,0.05
RE1,SO_TYDLPG,0.05
RE1,OR_TYDLPG,0.05
RE1,CA_TYDLPG,0.05
RE1,NE_TYDDSL,0.05
RE1,AN_TYDDSL,0.05
RE1,SO_TYDDSL,0.05
RE1,OR_TYDDSL,0.05
RE1,CA_TYDDSL,0.05
RE1,NE_TYDGSL,0.05
RE1,AN_TYDGSL,0.05
RE1,SO_TYDGSL,0.05
RE1,OR_TYDGSL,0.05
RE1,CA_TYDGSL,0.05
RE1,NE_TYDOIL,0.05
RE1,AN_TYDOIL,0.05
RE1,SO_TYDOIL,0.05
RE1,OR_TYDOIL,0.05
RE1,CA_TYDOIL,0.05
RE1,NE_UPSREF,0.05
RE1,CA_UPSREF,0.05
RE1,NE_MINOIL,0.05
RE1,AN_MINOIL,0.05
RE1,SO_MINOIL,0.05
RE1,OR_MINOIL,0.05
RE1,CA_MINOIL,0.05
RE1,TRNELC_AN_NE,0.05
RE1,TRNELC_SO_NE,0.05
RE1,TRNELC_SO_AN,0.05
RE1,TRNELC_OR_NE,0.05
RE1,TRNELC_OR_AN,0.05
RE1,TRNELC_OR_SO,0.05
RE1,TRNELC_CA_NE,0.05
RE1,TRNELC_CA_AN,0.05
RE1,TRNELC_CA_SO,0.05
RE1,TRNELC_CA_OR,0.05
RE1,NE_PWRTRN,0.05
RE1,AN_PWRTRN,0.05
RE1,SO_PWRTRN,0.05
RE1,OR_PWRTRN,0.05
RE1,CA_PWRTRN,0.05
RE1,CA_MINCOA,0.05
RE1,CA_PWRCOA,0.05
RE1,OR_PWRCOA,0.05
RE1,SO_PWRCOA,0.05
RE1,AN_PWRCOA,0.05
RE1,NE_PWRCOA,0.05
